DerivativesonIndividualSecurities,Symbol
ADITYABIRLACAPITALLTD.,ABCAPITAL
ABBOTTINDIALIMITED,ABBOTINDIA
ADITYABIRLAFASHION&RT,ABFRL
AMBUJACEMENTSLTD,AMBUJACEM
ADANIENTERPRISESLIMITED,ADANIENT
ASHOKLEYLANDLTD,ASHOKLEY
APOLLOHOSPITALSENTER.L,APOLLOHOSP
ASIANPAINTSLIMITED,ASIANPAINT
AUSMALLFINANCEBANKLTD,AUBANK
AUROBINDOPHARMALTD,AUROPHARMA
ALKEMLABORATORIESLTD.,ALKEM
ACCLIMITED,ACC
BAJAJAUTOLIMITED,BAJAJ_AUTO
ASTRALLIMITED,ASTRAL
BAJAJFINSERVLTD.,BAJAJFINSV
BAJAJFINANCELIMITED,BAJFINANCE
BALKRISHNAIND.LTD,BALKRISIND
BATAINDIALTD,BATAINDIA
BHARATELECTRONICSLTD,BEL
BHARTIAIRTELLIMITED,BHARTIARTL
BIOCONLIMITED.,BIOCON
BOSCHLIMITED,BOSCHLTD
BHARATPETROLEUMCORPLT,BPCL
BRITANNIAINDUSTRIESLTD,BRITANNIA
BIRLASOFTLIMITED,BSOFT
BHEL,BHEL
CANARABANK,CANBK
CANFINHOMESLTD,CANFINHOME
CHAMBALFERTILIZERSLTD,CHAMBLFERT
CIPLALTD,CIPLA
COLGATEPALMOLIVELTD.,COLPAL
CONTAINERCORPOFINDLTD,CONCOR
COROMANDELINTERNTL.LTD,COROMANDEL
CROMPTGREACONELECLTD,CROMPTON
CITYUNIONBANKLTD,CUB
CUMMINSINDIALTD,CUMMINSIND
DELTACORPLIMITED,DELTACORP
EICHERMOTORSLTD,EICHERMOT
EXIDEINDUSTRIESLTD,EXIDEIND
FEDERALBANKLTD,FEDERALBNK
GAIL(INDIA)LTD,GAIL
GLENMARKPHARMACEUTICALS,GLENMARK
GMRAIRPORTSINFRALTD,GMRINFRA
GUJNARVALFER&CHEML,GNFC
GODREJCONSUMERPRODUCTS,GODREJCP
GRASIMINDUSTRIESLTD,GRASIM
GUJARATGASLIMITED,GUJGASLTD
HINDUSTANAERONAUTICSLTD,HAL
HDFCLTD,HDFC
ABBINDIALIMITED,ABB
HDFCBANKLTD,HDFCBANK
HDFCLIFEINSCOLTD,HDFCLIFE
HEROMOTOCORPLIMITED,HEROMOTOCO
HINDUSTANPETROLEUMCORP,HINDPETRO
HONEYWELLAUTOMATIONIND,HONAUT
ICICIBANKLTD.,ICICIBANK
HINDALCOINDUSTRIESLTD,HINDALCO
IDFCLIMITED,IDFC
IDFCFIRSTBANKLIMITED,IDFCFIRSTB
INDRAPRASTHAGASLTD,IGL
THEINDIANHOTELSCO.LTD,INDHOTEL
INTERGLOBEAVIATIONLTD,INDIGO
INDUSINDBANKLIMITED,INDUSINDBK
INFOSYSLIMITED,INFY
INTELLECTDESIGNARENA,INTELLECT
HINDUSTANUNILEVERLTD.,HINDUNILVR
INDIANOILCORPLTD,IOC
IPCALABORATORIESLTD,IPCALAB
INDIANRAILTOURCORPLTD,IRCTC
INDIABULLSHSGFINLTD,IBULHSGFIN
ICICILOMBARDGICLIMITED,ICICIGI
ITCLTD,ITC
JINDALSTEEL&POWERLTD,JINDALSTEL
JKCEMENTLIMITED,JKCEMENT
L&TFINANCEHOLDINGSLTD,L&TFH
DR.LALPATHLABSLTD.,LALPATHLAB
JSWSTEELLIMITED,JSWSTEEL
LARSEN&TOUBROLTD.,LT
LTIMINDTREELIMITED,LTIM
L&TTECHNOLOGYSER.LTD.,LTTS
LUPINLIMITED,LUPIN
MAHINDRA&MAHINDRALTD,M&M
M&MFIN.SERVICESLTD,M&MFIN
MANAPPURAMFINANCELTD,MANAPPURAM
MARICOLIMITED,MARICO
MPHASISLIMITED,MPHASIS
MRFLTD,MRF
NMDCLTD.,NMDC
NATIONALALUMINIUMCOLTD,NATIONALUM
INFOEDGE(I)LTD,NAUKRI
NESTLEINDIALIMITED,NESTLEIND
OBEROIREALTYLIMITED,OBEROIRLTY
AXISBANKLIMITED,AXISBANK
ORACLEFINSERVSOFTLTD.,OFSS
PAGEINDUSTRIESLTD,PAGEIND
PERSISTENTSYSTEMSLTD,PERSISTENT
PIDILITEINDUSTRIESLTD,PIDILITIND
PUNJABNATIONALBANK,PNB
POWERGRIDCORP.LTD.,POWERGRID
PVRLIMITED,PVR
RBLBANKLIMITED,RBLBANK
STEELAUTHORITYOFINDIA,SAIL
SBICARDS&PAYSERLTD,SBICARD
SBILIFEINSURANCECOLTD,SBILIFE
STATEBANKOFINDIA,SBIN
SHRIRAMFINANCELIMITED,SHRIRAMFIN
SRFLTD,SRF
SYNGENEINTERNATIONALLTD,SYNGENE
TATACHEMICALSLTD,TATACHEM
TATACOMMUNICATIONSLTD,TATACOMM
TATACONSUMERPRODUCTLTD,TATACONSUM
TATAMOTORSLIMITED,TATAMOTORS
TATAPOWERCOLTD,TATAPOWER
TATASTEELLIMITED,TATASTEEL
TECHMAHINDRALIMITED,TECHM
TITANCOMPANYLIMITED,TITAN
TRENTLTD,TRENT
TVSMOTORCOMPANYLTD,TVSMOTOR
WHIRLPOOLOFINDIALTD,WHIRLPOOL
WIPROLTD,WIPRO
ZYDUSLIFESCIENCESLTD,ZYDUSLIFE
APOLLOTYRESLTD,APOLLOTYRE
ATULLTD,ATUL
BALRAMPURCHINIMILLSLTD,BALRAMCHIN
BANDHANBANKLIMITED,BANDHANBNK
BANKOFBARODA,BANKBARODA
COALINDIALTD,COALINDIA
CHOLAMANDALAMIN&FINCO,CHOLAFIN
COFORGELIMITED,COFORGE
DALMIABHARATLIMITED,DALBHARAT
DIVISLABORATORIESLTD,DIVISLAB
DLFLIMITED,DLF
OILANDNATURALGASCORP.,ONGC
GODREJPROPERTIESLTD,GODREJPROP
HDFCAMCLIMITED,HDFCAMC
HINDUSTANCOPPERLTD,HINDCOPPER
ADANIPORT&SEZLTD,ADANIPORTS
AARTIINDUSTRIESLTD,AARTIIND
INDIANENERGYEXCLTD,IEX
INDIAMARTINTERMESHLTD,INDIAMART
LICHOUSINGFINANCELTD,LICHSGFIN
UNITEDSPIRITSLIMITED,MCDOWELL_N
MULTICOMMODITYEXCHANGE,MCX
MAHANAGARGASLTD.,MGL
SAMVRDHNAMTHRSNINTLLTD,MOTHERSON
DABURINDIALTD,DABUR
MUTHOOTFINANCELIMITED,MUTHOOTFIN
NAVINFLUORINEINT.LTD,NAVINFLUOR
PIRAMALENTERPRISESLTD,PEL
PETRONETLNGLIMITED,PETRONET
POLYCABINDIALIMITED,POLYCAB
POWERFINCORPLTD.,PFC
RAININDUSTRIESLIMITED,RAIN
THERAMCOCEMENTSLIMITED,RAMCOCEM
RELIANCEINDUSTRIESLTD,RELIANCE
BERGERPAINTS(I)LTD,BERGEPAINT
SHREECEMENTLIMITED,SHREECEM
SUNTVNETWORKLIMITED,SUNTV
TORRENTPHARMACEUTICALSL,TORNTPHARM
UNITEDBREWERIESLTD,UBL
ZEEENTERTAINMENTENTLTD,ZEEL
DEEPAKNITRITELTD,DEEPAKNTR
ESCORTSKUBOTALIMITED,ESCORTS
GRANULESINDIALIMITED,GRANULES
HAVELLSINDIALIMITED,HAVELLS
DIXONTECHNO(INDIA)LTD,DIXON
ICICIPRULIFEINSCOLTD,ICICIPRULI
KOTAKMAHINDRABANKLTD,KOTAKBANK
LAURUSLABSLIMITED,LAURUSLABS
METROPOLISHEALTHCARELTD,METROPOLIS
MAXFINANCIALSERVLTD,MFSL
BHARATFORGELTD,BHARATFORG
DR.REDDYSLABORATORIES,DRREDDY
FIRSTSOURCESOLU.LTD.,FSL
HCLTECHNOLOGIESLTD,HCLTECH
SIEMENSLTD,SIEMENS
SUNPHARMACEUTICALINDL,SUNPHARMA
VOLTASLTD,VOLTAS
THEINDIACEMENTSLIMITED,INDIACEM
INDUSTOWERSLIMITED,INDUSTOWER
JUBILANTFOODWORKSLTD,JUBLFOOD
PIINDUSTRIESLTD,PIIND
MARUTISUZUKIINDIALTD.,MARUTI
VEDANTALIMITED,VEDL
VODAFONEIDEALIMITED,IDEA
NTPCLTD,NTPC
RECLIMITED,RECLTD
UPLLIMITED,UPL
ULTRATECHCEMENTLIMITED,ULTRACEMCO
TATACONSULTANCYSERVLT,TCS
TORRENTPOWERLTD,TORNTPOWER